Date,Profit
20180101,29
20180102,2687.531
20180103,28
20180104,24
20180105,27
20180106,25
20180107,25
20180108,28
20180109,28
20180110,28
20180111,29
20180112,28
20180113,2869.8208
20180114,33
20180115,23
20180116,23
20180117,2253.685
20180118,24
20180119,24
20180120,24
20180121,25
20180122,28
20180123,27
20180124,2547.1362
20180125,29
20180126,29
20180127,31
20180128,2853.1027
20180129,28
20180130,28
20180131,2816.4745
20180201,2231.1548
20180202,5212.004
20180203,5032.853
20180204,2253.685
20180205,23
20180206,23
20180207,2253.685
20180208,2253.685
20180209,24
20180210,25
20180211,2380.1148
20180212,27
20180213,2380.1148
20180214,28
20180215,31
20180216,3040.0076
20180217,29
20180218,29
20180219,27
20180220,28
20180221,2510.7208
20180222,5105.0587
20180223,3667.6346
20180224,2300.0488
20180225,2775.3642
20180226,2582.062
20180227,25
20180228,24
20180301,28
20180302,28
20180303,28
20180304,3021.0152
20180305,4752.09
20180306,2082.514
20180307,2042.8135
20180308,2201.6022
20180309,2246.0774
20180310,2171.757
20180311,2042.8135
20180312,23
20180313,2231.1548
20180314,2386.3525
20180315,24
20180316,24
20180317,25
20180318,25
20180319,27
20180320,27
20180321,5042.961
20180322,2176.5051
20180323,2331.9023
20180324,25
20180325,23
20180326,2519.02
20180327,4927.5968
20180328,2784.355
20180329,24
20180330,25
20180331,25
20180401,2331.9023
20180402,25
20180403,2378.3991
20180404,2142.2044
20180405,2201.6022
20180406,2231.1548
20180407,2253.685
20180408,23
20180409,23
20180410,2238.7624
20180411,23
20180412,24
20180413,23
20180414,2253.685
20180415,24
20180416,23
20180417,23
20180418,5204.7023
20180419,21
20180420,2171.757
20180421,21
20180422,21
20180423,21
20180424,21
20180425,21
20180426,23
20180427,23
20180428,52
20180429,52
20180430,52
20180501,5306.434
20180502,2121.0175
20180503,53
20180504,21
20180505,21
20180506,53
20180507,5110.658
20180508,5238.87
20180509,23
20180510,52
20180511,51
20180512,49
20180513,48
20180514,49
20180515,49
20180516,49
20180517,49
20180518,51
20180519,49
20180520,51
20180521,48
20180522,48
20180523,49
20180524,51
20180525,51
20180526,51
20180527,5005.4018
20180528,4783.079
20180529,51
20180530,5048.015
20180531,45
20180601,45
20180602,45
20180603,49
20180604,48
20180605,48
20180606,48
20180607,4743.0593
20180608,4897.9378
20180609,51
20180610,4915.3475
20180611,48
20180612,45
20180613,49
20180614,51
20180615,49
20180616,45
20180617,45
20180618,44
20180619,44
20180620,4380.1821
20180621,4517.345
20180622,48
20180623,45
20180624,45
20180625,48
20180626,4909.4689
20180627,4723.096
20180628,49
20180629,44
20180630,48
20180701,5048.015
20180702,5048.015
20180703,49
20180704,51
20180705,4980.983
20180706,5266.002
20180707,5705.7
20180708,4974.2
20180709,4681.6
20180710,4974.2
20180711,4512.5038
20180712,4915.3475
20180713,45
20180714,43
20180715,43
20180716,45
20180717,44
20180718,4384.6775
20180719,43
20180720,48
20180721,43
20180722,44
20180723,45
20180724,45
20180725,47
20180726,52
20180727,48
20180728,49
20180729,4875.1017
20180730,5048.015
20180731,45
20180801,5047.35
20180802,45
20180803,48
20180804,49
20180805,48
20180806,51
20180807,49
20180808,44
20180809,44
20180810,45
20180811,49
20180812,51
20180813,44
20180814,44
20180815,4512.5038
20180816,49
20180817,49
20180818,48
20180819,48
20180820,47
20180821,44
20180822,48
20180823,45
20180824,48
20180825,49
20180826,4620.5264
20180827,49
20180828,48
20180829,48
20180830,45
20180831,48
20180901,53
20180902,49
20180903,48
20180904,4620.5264
20180905,48
20180906,48
20180907,51
20180908,5212.004
20180909,51
20180910,49
20180911,49
20180912,51
20180913,51
20180914,52
20180915,51
20180916,52
20180917,48
20180918,49
20180919,49
20180920,53
20180921,49
20180922,49
20180923,51
20180924,51
20180925,4651.0366
20180926,5005.4018
20180927,49
20180928,21
20180929,5266.002
20180930,4792.5752
20181001,49
20181002,51
20181003,49
20181004,51
20181005,5238.87
20181006,5035.8056
20181007,52
20181008,5238.87
20181009,53
20181010,5299.784
20181011,5282.627
20181012,4907.966
20181013,4674.0988
20181014,4670.96
20181015,5032.853
20181016,2113.7557
20181017,2113.7557
20181018,2113.7557
20181019,23
20181020,21
20181021,5266.4808
20181022,53
20181023,23
20181024,24
20181025,2231.1548
20181026,24
20181027,23
20181028,2378.3991
20181029,5035.8056
20181030,52
20181031,53
20181101,53
20181102,23
20181103,21
20181104,24
20181105,24
20181106,28
20181107,27
20181108,21
20181109,52
20181110,52
20181111,21
20181112,21
20181113,21
20181114,21
20181115,24
20181116,24
20181117,2207.401
20181118,21
20181119,21
20181120,21
20181121,2502.7408
20181122,2617.3336
20181123,25
20181124,24
20181125,25
20181126,25
20181127,2231.1548
20181128,3074.3615
20181129,28
20181130,24
20181201,25
20181202,28
20181203,28
20181204,2362.7982
20181205,2300.7005
20181206,23
20181207,21
20181208,24
20181209,25
20181210,24
20181211,24
20181212,25
20181213,25
20181214,2722.8026
20181215,2510.7208
20181216,2176.5051
20181217,2494.4416
20181218,2494.4416
20181219,2784.355
20181220,29
20181221,2853.1027
20181222,31
20181223,24
20181224,2246.0774
20181225,21
20181226,21
20181227,24
20181228,25
20181229,25
20181230,29
20181231,28
20190101,3394.16
20190102,2848.78286
20190103,2932.65
20190104,2561.58
20190105,2979.2
20190106,3032.4
20190107,2956.59
20190108,3128.16
20190109,3072.3
20190110,3044.37
20190111,3511.2
20190112,3211.95
20190113,3214.199296
20190114,3657.5
20190115,2419.27
20190116,2396.66
20190117,2388.9061
20190118,2681.28
20190119,2633.4
20190120,2609.46
20190121,2628.08
20190122,3295.74
20190123,2979.2
20190124,2776.378458
20190125,3013.78
20190126,3481.94
20190127,3426.08
20190128,3224.006051
20190129,3295.74
20190130,3072.3
20190131,3126.286695
20190201,2298.089444
20190202,5993.8046
20190203,5636.79536
20190204,2614.2746
20190205,2464.49
20190206,2532.32
20190207,2411.44295
20190208,2276.22185
20190209,2872.8
20190210,2653.35
20190211,2713.330872
20190212,2952.6
20190213,2832.336612
20190214,2876.79
20190215,3089.59
20190216,3283.208208
20190217,3335.64
20190218,3189.34
20190219,2766.4
20190220,3044.37
20190221,2736.685672
20190222,5105.0587
20190223,3887.692676
20190224,2415.05124
20190225,3136.161546
20190226,3098.4744
20190227,2880.78
20190228,24
20190301,3072.3
20190302,3072.3
20190303,3267.81
20190304,3051.225352
20190305,5132.2572
20190306,2478.19166
20190307,2165.38231
20190308,2509.826508
20190309,2246.0774
20190310,2410.65027
20190311,2247.09485
20190312,2464.49
20190313,2431.958732
20190314,2529.53365
20190315,2513.7
20190316,2441.88
20190317,2577.54
20190318,2754.43
20190319,2979.2
20190320,3085.6
20190321,5547.2571
20190322,2611.80612
20190323,2705.006668
20190324,2956.59
20190325,2464.49
20190326,3022.824
20190327,5371.080512
20190328,3202.00825
20190329,2489.76
20190330,2602.81
20190331,2906.05
20190401,2448.497415
20190402,2577.54
20190403,2854.07892
20190404,2335.002796
20190405,2641.92264
20190406,2253.466348
20190407,2298.7587
20190408,2509.71
20190409,2306.22
20190410,2686.51488
20190411,2374.05
20190412,2513.7
20190413,2690.59
20190414,2501.59035
20190415,2729.16
20190416,2713.2
20190417,2487.1
20190418,6141.548714
20190419,2276.96
20190420,2519.23812
20190421,2234.4
20190422,2489.76
20190423,2404.64
20190424,21
20190425,2170.56
20190426,2306.22
20190427,23
20190428,6120.66
20190429,6016.92
20190430,5653.83
20190501,5996.27042
20190502,2311.909075
20190503,6064.8
20190504,2255.68
20190505,21
20190506,5958.4
20190507,5468.40406
20190508,6286.644
20190509,2622.76
20190510,5757.57
20190511,5812.1
20190512,5462.31
20190513,4883.76
20190514,5363.89
20190515,5117.84
20190516,5757.57
20190517,5068.63
20190518,5862.64
20190519,5708.36
20190520,5862.64
20190521,5458.32
20190522,4931.64
20190523,4970.21
20190524,5660.48
20190525,5508.86
20190526,5508.86
20190527,5455.887962
20190528,4974.40216
20190529,5205.62
20190530,5199.45545
20190531,5335.96
20190601,45
20190602,4928.98
20190603,5314.68
20190604,5075.28
20190605,5171.04
20190606,5458.32
20190607,5122.504044
20190608,5730.587226
20190609,51
20190610,5701.8031
20190611,5362.56
20190612,4928.98
20190613,49
20190614,5306.7
20190615,5560.73
20190616,4657.66
20190617,5426.4
20190618,5135.13
20190619,4959.57
20190620,4774.398489
20190621,5104.59985
20190622,4883.76
20190623,5200.3
20190624,45
20190625,5601.96
20190626,5253.131723
20190627,5384.32944
20190628,5560.73
20190629,4432.89
20190630,5218.92
20190701,5098.49515
20190702,5098.49515
20190703,5511.52
20190704,5609.94
20190705,5030.79283
20190706,5845.26222
20190707,6846.84
20190708,5770.072
20190709,5290.208
20190710,5620.846
20190711,4783.254028
20190712,5701.8031
20190713,4928.98
20190714,43
20190715,4979.52
20190716,5064.64
20190717,5135.13
20190718,4428.524275
20190719,4809.28
20190720,5554.08
20190721,4553.92
20190722,5266.8
20190723,4793.32
20190724,4928.98
20190725,5539.45
20190726,6016.92
20190727,5554.08
20190728,5462.31
20190729,5411.362887
20190730,5855.6974
20190731,5426.4
20190801,6056.82
20190802,4793.32
20190803,5266.8
20190804,5806.78
20190805,5266.8
20190806,5660.48
20190807,5314.68
20190808,4652.34
20190809,4740.12
20190810,5019.42
20190811,5019.42
20190812,5104.54
20190813,5047.35
20190814,4696.23
20190815,5144.254332
20190816,4970.21
20190817,49
20190818,5075.28
20190819,5027.4
20190820,4748.1
20190821,4696.23
20190822,5410.44
20190823,4883.76
20190824,5745.6
20190825,5659.15
20190826,5452.221152
20190827,5855.99
20190828,4979.52
20190829,5697.72
20190830,4657.66
20190831,5362.56
20190901,6011.6
20190902,5659.15
20190903,4883.76
20190904,5498.426416
20190905,5554.08
20190906,5027.4
20190907,5812.1
20190908,6202.28476
20190909,5256.16
20190910,49
20190911,5708.36
20190912,5205.62
20190913,5104.54
20190914,5550.09
20190915,5306.7
20190916,5861.31
20190917,5027.4
20190918,5708.36
20190919,5265.47
20190920,6011.6
20190921,5708.36
20190922,5314.68
20190923,5155.08
20190924,51
20190925,5302.181724
20190926,5505.94198
20190927,5511.52
20190928,2383.36
20190929,6003.24228
20190930,4840.500952
20191001,5068.63
20191002,5407.78
20191003,5659.15
20191004,5306.7
20191005,5815.1457
20191006,5287.59588
20191007,5965.05
20191008,5343.6474
20191009,6224.4
20191010,5882.76024
20191011,5810.8897
20191012,4957.04566
20191013,4861.062752
20191014,5324.8944
20191015,5133.51006
20191016,2409.681498
20191017,2346.268827
20191018,2282.856156
20191019,2351.44
20191020,2532.32
20191021,5687.799264
20191022,5798.8
20191023,2351.44
20191024,2705.22
20191025,2610.451116
20191026,2848.86
20191027,2351.44
20191028,2687.590983
20191029,5136.521712
20191030,5342.61
20191031,64
20191101,61
20191102,2554.93
20191103,2511.04
20191104,2705.22
20191105,24
20191106,3128.16
20191107,3165.4
20191108,2553.6
20191109,6224.4
20191110,5861.31
20191111,2468.48
20191112,2213.12
20191113,2489.76
20191114,2511.04
20191115,2872.8
20191116,2513.7
20191117,2207.401
20191118,2213.12
20191119,2319.52
20191120,2468.48
20191121,2853.124512
20191122,2643.506936
20191123,2552.27
20191124,2537.64
20191125,2729.16
20191126,25
20191127,2521.204924
20191128,3289.566805
20191129,3044.37
20191130,2824.92
20191201,2779.7
20191202,2820.93
20191203,3323.67
20191204,2504.566092
20191205,2323.707505
20191206,2532.32
20191207,2404.64
20191208,2705.22
20191209,2577.54
20191210,2800.98
20191211,2585.52
20191212,2754.43
20191213,2754.43
20191214,3103.994964
20191215,2560.935216
20191216,2328.860457
20191217,2893.552256
20191218,2594.219264
20191219,3313.38245
20191220,3160.08
20191221,2881.633727
20191222,3548.44
20191223,2609.46
20191224,2403.302818
20191225,2191.84
20191226,2489.76
20191227,2489.76
20191228,2830.24
20191229,2779.7
20191230,29
20191231,2960.58
20200101,3597.8096
20200102,3247.61246
20200103,3196.5885
20200104,2766.5064
20200105,3455.872
20200106,3214.344
20200107,3074.8536
20200108,3190.7232
20200109,3686.76
20200110,3653.244
20200111,3827.208
20200112,3436.7865
20200113,3374.909261
20200114,3694.075
20200115,2878.9313
20200116,2875.992
20200117,2818.909198
20200118,2895.7824
20200119,2870.406
20200120,2818.2168
20200121,2733.2032
20200122,3559.3992
20200123,3277.12
20200124,3276.12658
20200125,3134.3312
20200126,3864.9534
20200127,3974.2528
20200128,3836.567201
20200129,3526.4418
20200130,3072.3
20200131,3126.286695
20200201,2458.955705
20200202,6832.937244
20200203,5918.635128
20200204,3058.701282
20200205,2760.2288
20200206,2937.4912
20200207,2507.900668
20200208,2458.319598
20200209,2930.256
20200210,3024.819
20200211,2767.597489
20200212,2982.126
20200213,3172.217005
20200214,2963.0937
20200215,3676.6121
20200216,3775.689439
20200217,3435.7092
20200218,3189.34
20200219,3264.352
20200220,3044.37
20200221,2791.419385
20200222,5462.412809
20200223,4276.461944
20200224,2584.104827
20200225,3575.224162
20200226,3501.276072
20200227,2967.2034
20200228,2681.28
20200301,3656.037
20200302,3379.53
20200303,3692.6253
20200304,3234.298873
20200305,5440.192632
20200306,2899.484242
20200307,2187.036133
20200308,2811.005689
20200309,2425.763592
20200310,2627.608794
20200311,2539.217181
20200312,2932.7431
20200313,2675.154605
20200314,2858.373025
20200315,2538.837
20200316,2466.2988
20200317,2603.3154
20200318,3167.5945
20200319,3098.368
20200320,3085.6
20200321,6046.510239
20200322,3108.049283
20200323,2759.106801
20200324,3400.0785
20200325,2710.939
20200326,3506.47584
20200327,5639.634538
20200328,3330.08858
20200329,2539.5552
20200330,3123.372
20200331,3225.7155
20200401,2668.862182
20200402,3041.4972
20200403,3339.272336
20200404,2428.402908
20200405,3170.307168
20200406,2478.812983
20200407,2459.671809
20200408,2911.2636
20200409,2582.9664
20200410,2740.245178
20200411,2397.7905
20200412,2840.481
20200413,3013.4608
20200414,2926.86071
20200415,2838.3264
20200416,3255.84
20200417,2511.971
20200418,6755.703585
20200419,2481.8864
20200420,2645.200026
20200421,2323.776
20200422,2763.6336
20200423,2500.8256
20200424,2234.4
20200425,2409.3216
20200426,2652.153
20200427,2577.54
20200428,7344.792
20200429,6618.612
20200430,6445.3662
20200501,6595.897462
20200502,2404.385438
20200503,6246.744
20200504,2571.4752
20200505,2191.84
20200506,7090.496
20200507,5960.560425
20200508,7041.04128
20200509,2675.2152
20200510,6160.5999
20200511,6625.794
20200512,6281.6565
20200513,5811.6744
20200514,6168.4735
20200515,5783.1592
20200516,5930.2971
20200517,5322.0615
20200518,6566.1568
20200519,5822.5272
20200520,6038.5192
20200521,6386.2344
20200522,5128.9056
20200523,5467.231
20200524,5660.48
20200525,5839.3916
20200526,5619.0372
20200527,6383.388916
20200528,5969.282592
20200529,5205.62
20200530,6031.368322
20200531,5496.0388
20200601,4883.76
20200602,5175.429
20200603,5633.5608
20200604,5785.8192
20200605,5636.4336
20200606,6222.4848
20200607,5634.754448
20200608,5730.587226
20200609,5761.56
20200610,6214.965379
20200611,5952.4416
20200612,5766.9066
20200613,5167.05
20200614,5678.169
20200615,6005.5884
20200616,5496.0388
20200617,6403.152
20200618,5597.2917
20200619,5356.3356
20200620,5156.350368
20200621,5410.875841
20200622,5762.8368
20200623,6084.351
20200624,4974.2
20200625,5770.0188
20200626,5936.038847
20200627,5438.172734
20200628,5616.3373
20200629,4876.179
20200630,5375.4876
20200701,5302.434956
20200702,5761.29952
20200703,6228.0176
20200704,6114.8346
20200705,5382.948328
20200706,6137.525331
20200707,8147.7396
20200708,6289.37848
20200709,6136.64128
20200710,6295.34752
20200711,5261.579431
20200712,6043.911286
20200713,5076.8494
20200714,4298.56
20200715,5278.2912
20200716,6026.9216
20200717,6059.4534
20200718,4472.809518
20200719,5434.4864
20200720,6553.8144
20200721,4644.9984
20200722,6109.488
20200723,5416.4516
20200724,5914.776
20200725,5816.4225
20200726,6859.2888
20200727,6276.1104
20200728,5790.0486
20200729,5736.04466
20200730,6382.710166
20200731,6240.36
20200801,6359.661
20200802,5560.2512
20200803,6320.16
20200804,6097.119
20200805,5635.476
20200806,5943.504
20200807,6165.0288
20200808,5443.2378
20200809,5308.9344
20200810,5973.1098
20200811,5671.9446
20200812,5921.2664
20200813,5148.297
20200814,4978.0038
20200815,5298.581962
20200816,5864.8478
20200817,5609.94
20200818,5075.28
20200819,5479.866
20200820,5507.796
20200821,5447.6268
20200822,5626.8576
20200823,5323.2984
20200824,6435.072
20200825,6394.8395
20200826,6542.665382
20200827,6148.7895
20200828,5079.1104
20200829,6438.4236
20200830,5589.192
20200831,5416.1856
20200901,6672.876
20200902,5828.9245
20200903,5567.4864
20200904,6543.127435
20200905,6442.7328
20200906,5077.674
20200907,6218.947
20200908,6326.330455
20200909,6202.2688
20200910,5757.57
20200911,6279.196
20200912,5413.8448
20200913,5155.5854
20200914,5550.09
20200915,6368.04
20200916,6212.9886
20200917,5228.496
20200918,6222.1124
20200919,6002.6358
20200920,6191.948
20200921,6678.7812
20200922,5686.7076
20200923,6082.9944
20200924,5761.56
20200925,6362.618069
20200926,6497.011536
20200927,5787.096
20200928,2788.5312
20200929,6123.307126
20200930,5421.361066
20201001,5119.3163
20201002,5515.9356
20201003,6451.431
20201004,5465.901
20201005,6222.205899
20201006,5869.231427
20201007,7098.4095
20201008,5557.393296
20201009,6722.352
20201010,6235.725854
20201011,6450.087567
20201012,5651.032052
20201013,5590.222165
20201014,6283.375392
20201015,6160.212072
20201016,2409.681498
20201017,2510.507645
20201018,2511.141772
20201019,2633.6128
20201020,2810.8752
20201021,5972.189227
20201022,6378.68
20201023,2421.9832
20201024,3111.003
20201025,2871.496228
20201026,3190.7232
20201027,2539.5552
20201028,2714.466893
20201029,5958.365186
20201030,6144.0015
20201031,7469.28
20201101,6852.16
20201102,2784.8737
20201103,2762.144
20201104,3165.1074
20201105,2417.94
20201106,3566.1024
20201107,3640.21
20201108,2885.568
20201109,7407.036
20201110,5978.5362
20201111,2740.0128
20201112,2434.432
20201113,2962.8144
20201114,2737.0336
20201115,3188.808
20201116,2714.796
20201117,2406.06709
20201118,2589.3504
20201119,2435.496
20201120,2665.9584
20201121,3281.093189
20201122,2696.377075
20201123,2577.7927
20201124,3019.7916
20201125,3056.6592
20201126,2678.62
20201127,2823.749515
20201128,3388.253809
20201129,3501.0255
20201130,3050.9136
20201201,2918.685
20201202,2933.7672
20201203,3622.8003
20201204,2629.794397
20201205,2463.129955
20201206,2684.2592
20201207,2741.2896
20201208,3029.8464
20201209,2603.3154
20201210,2997.0486
20201211,2921.6376
20201212,3167.5945
20201213,3167.5945
20201214,3383.354511
20201215,2714.591329
20201216,2585.035107
20180101,3239.6
20180102,2983.2841
20180103,3097.3
20180104,2660.4
20180105,3
20180106,2799.7
20180107,2797.7
20180108,3094.3
20180109,3098.3
20180110,3101.3
20180111,3233.6
20180112,3092.3
20180113,3185.80288
20180114,3679.5
20180115,2515.1
20180116,2510.1
20180117,2506.0535
20180118,2662.4
20180119,2656.4
20180120,2656.4
20180121,2804.7
20180122,3091.3
20180123,29
20180124,2824.84982
20180125,3241.6
20180126,3246.6
20180127,3394.9
20180128,3153.41297
20180129,3089.3
20180130,3090.3
20180131,3117.12195
20180201,2478.27028
20180202,5751.2044
20180203,5566.1383
20180204,2505.0535
20180205,2504.1
20180206,2510.1
20180207,2498.0535
20180208,2503.0535
20180209,2656.4
20180210,2804.7
20180211,2646.12628
20180212,3
20180213,2641.12628
20180214,3100.3
20180215,3389.9
20180216,3366.00836
20180217,3238.6
20180218,3243.6
20180219,29
20180220,3093.3
20180221,2789.79288
20180222,5631.56457
20180223,4049.39806
20180224,2553.05368
20180225,3078.90062
20180226,2857.2682
20180227,2806.7
20180228,2651.4
20180301,3096.3
20180302,3093.3
20180303,3100.3
20180304,3340.11672
20180305,5253.299
20180306,2317.7654
20180307,2264.09485
20180308,2438.76242
20180309,2487.68514
20180310,2416.9327
20180311,2263.09485
20180312,2507.1
20180313,2484.27028
20180314,2639.98775
20180315,2662.4
20180316,2662.4
20180317,2805.7
20180318,2803.7
20180319,29
20180320,29
20180321,5572.2571
20180322,2410.15561
20180323,2580.09253
20180324,2798.7
20180325,2510.1
20180326,2790.922
20180327,5438.35648
20180328,3091.7905
20180329,2655.4
20180330,2802.7
20180331,2807.7
20180401,2586.09253
20180402,2807.7
20180403,2643.23901
20180404,2385.42484
20180405,2446.76242
20180406,2476.27028
20180407,2496.0535
20180408,2513.1
20180409,2517.1
20180410,2482.63864
20180411,2505.1
20180412,2654.4
20180413,2507.1
20180414,2503.0535
20180415,2654.4
20180416,2511.1
20180417,2517.1
20180418,5741.17253
20180419,2355.8
20180420,2407.9327
20180421,2358.8
20180422,2357.8
20180423,2359.8
20180424,2359.8
20180425,2369.8
20180426,2502.1
20180427,2512.1
20180428,5731.7
20180429,5735.7
20180430,5733.7
20180501,5864.0774
20180502,2357.11925
20180503,59
20180504,2361.8
20180505,2367.8
20180506,59
20180507,5650.7238
20180508,5782.757
20180509,2509.1
20180510,5729.7
20180511,5582.4
20180512,5440.1
20180513,5285.8
20180514,5438.1
20180515,5435.1
20180516,5435.1
20180517,5434.1
20180518,5574.4
20180519,5434.1
20180520,5584.4
20180521,5290.8
20180522,5282.8
20180523,5440.1
20180524,5579.4
20180525,5581.4
20180526,5583.4
20180527,5532.94198
20180528,5289.3869
20180529,5582.4
20180530,5567.8165
20180531,5001.2
20180601,5001.2
20180602,5004.2
20180603,5442.1
20180604,5287.8
20180605,5293.8
20180606,5284.8
20180607,5234.36523
20180608,5405.73158
20180609,5583.4
20180610,5425.88225
20180611,5296.8
20180612,4995.2
20180613,5430.1
20180614,5588.4
20180615,5443.1
20180616,5003.2
20180617,4989.2
20180618,4847.9
20180619,4847.9
20180620,4847.20031
20180621,4993.0795
20180622,5281.8
20180623,5003.2
20180624,4989.2
20180625,5289.8
20180626,5417.41579
20180627,5213.4056
20180628,5436.1
20180629,4845.9
20180630,5282.8
20180701,5575.8165
20180702,5581.8165
20180703,5429.1
20180704,5586.4
20180705,5497.0813
20180706,5822.6022
20180707,6297.27
20180708,5487.62
20180709,5176.76
20180710,5498.62
20180711,4979.75418
20180712,5428.88225
20180713,4995.2
20180714,4709.6
20180715,4708.6
20180716,5000.2
20180717,4855.9
20180718,4842.14525
20180719,4703.6
20180720,5284.8
20180721,4705.6
20180722,4850.9
20180723,4990.2
20180724,4989.2
20180725,5140.5
20180726,5734.7
20180727,5292.8
20180728,5432.1
20180729,5382.61187
20180730,5581.8165
20180731,4997.2
20180801,5569.085
20180802,4999.2
20180803,5287.8
20180804,5429.1
20180805,5286.8
20180806,5576.4
20180807,5438.1
20180808,4856.9
20180809,4857.9
20180810,4991.2
20180811,5434.1
20180812,5579.4
20180813,4845.9
20180814,4846.9
20180815,4987.75418
20180816,5433.1
20180817,5438.1
20180818,5287.8
20180819,5296.8
20180820,5143.5
20180821,4852.9
20180822,5285.8
20180823,4989.2
20180824,5289.8
20180825,5443.1
20180826,5102.57904
20180827,5437.1
20180828,5281.8
20180829,5285.8
20180830,4997.2
20180831,5287.8
20180901,59
20180902,5433.1
20180903,5286.8
20180904,5099.57904
20180905,5290.8
20180906,5291.8
20180907,5579.4
20180908,5760.2044
20180909,5575.4
20180910,5428.1
20180911,5436.1
20180912,5578.4
20180913,5581.4
20180914,5722.7
20180915,5578.4
20180916,5726.7
20180917,5288.8
20180918,5428.1
20180919,5429.1
20180920,59
20180921,5430.1
20180922,5428.1
20180923,5580.4
20180924,5577.4
20180925,5140.14026
20180926,5532.94198
20180927,5433.1
20180928,2366.8
20180929,5814.6022
20180930,5288.83272
20181001,5435.1
20181002,5585.4
20181003,5434.1
20181004,5585.4
20181005,5790.757
20181006,5559.38616
20181007,5733.7
20181008,5783.757
20181009,59
20181010,5849.7624
20181011,5839.8897
20181012,5414.7626
20181013,5156.50868
20181014,5153.056
20181015,5564.1383
20181016,2345.13127
20181017,2346.13127
20181018,2348.13127
20181019,2506.1
20181020,2364.8
20181021,5822.12888
20181022,59
20181023,2516.1
20181024,2655.4
20181025,2481.27028
20181026,2662.4
20181027,2504.1
20181028,2643.23901
20181029,5565.38616
20181030,5729.7
20181031,59
20181101,59
20181102,2505.1
20181103,2365.8
20181104,2649.4
20181105,2651.4
20181106,3102.3
20181107,29
20181108,2363.8
20181109,5723.7
20181110,5722.7
20181111,2362.8
20181112,2359.8
20181113,2367.8
20181114,2362.8
20181115,2650.4
20181116,2653.4
20181117,2456.1411
20181118,2364.8
20181119,2365.8
20181120,2369.8
20181121,2777.01488
20181122,2903.06696
20181123,2806.7
20181124,2662.4
20181125,2798.7
20181126,2795.7
20181127,2477.27028
20181128,3398.79765
20181129,3097.3
20181130,2661.4
20181201,2801.7
20181202,3093.3
20181203,3089.3
20181204,2621.07802
20181205,2545.77055
20181206,2504.1
20181207,2364.8
20181208,2654.4
20181209,2799.7
20181210,2653.4
20181211,2660.4
20181212,2804.7
20181213,2806.7
20181214,3011.08286
20181215,2784.79288
20181216,2421.15561
20181217,2768.88576
20181218,2772.88576
20181219,3077.7905
20181220,3239.6
20181221,3159.41297
20181222,3379.9
20181223,2650.4
20181224,2496.68514
20181225,2361.8
20181226,2365.8
20181227,2648.4
20181228,2802.7
20181229,2799.7
20181230,3248.6
20181231,3098.3
20190101,3751.576
20190102,3160.661146
20190103,3240.915
20190104,2845.738
20190105,3298.12
20190106,3362.64
20190107,3273.249
20190108,3457.976
20190109,3405.53
20190110,3365.807
20190111,3891.32
20190112,3548.145
20190113,3557.619226
20190114,4039.25
20190115,2677.197
20190116,2654.326
20190117,2644.79671
20190118,2964.408
20190119,2919.74
20190120,2888.406
20190121,2918.888
20190122,3655.314
20190123,3298.12
20190124,3073.016304
20190125,3333.158
20190126,3851.134
20190127,3789.688
20190128,3575.406656
20190129,3653.314
20190130,3407.53
20190131,3453.915365
20190201,2545.898388
20190202,6612.18506
20190203,6217.474896
20190204,2898.70206
20190205,2739.939
20190206,2802.552
20190207,2675.587245
20190208,2533.844035
20190209,3179.08
20190210,2940.685
20190211,3010.663959
20190212,3269.86
20190213,3137.570273
20190214,3186.469
20190215,3415.549
20190216,3635.529029
20190217,3692.204
20190218,3537.274
20190219,3062.04
20190220,3366.807
20190221,3036.354239
20190222,5641.56457
20190223,4302.461944
20190224,2675.556364
20190225,3470.777701
20190226,3425.32184
20190227,3189.858
20190228,2655.4
20190301,3394.53
20190302,3403.53
20190303,3616.591
20190304,3379.347887
20190305,5669.48292
20190306,2754.010826
20190307,2410.920541
20190308,2778.809159
20190309,2499.68514
20190310,2676.715297
20190311,2494.804335
20190312,2739.939
20190313,2698.154605
20190314,2804.487015
20190315,2781.07
20190316,2707.068
20190317,2850.294
20190318,3053.873
20190319,3307.12
20190320,3409.16
20190321,6123.98281
20190322,2896.986732
20190323,3003.507335
20190324,3279.249
20190325,2726.939
20190326,3340.1064
20190327,5937.188563
20190328,3538.209075
20190329,2754.736
20190330,2892.091
20190331,3223.655
20190401,2721.347157
20190402,2850.294
20190403,3166.486812
20190404,2586.503076
20190405,2935.114904
20190406,2495.812983
20190407,2548.63457
20190408,2787.681
20190409,2554.842
20190410,2972.166368
20190411,2630.455
20190412,2794.07
20190413,2988.649
20190414,2778.749385
20190415,3025.076
20190416,2999.52
20190417,2755.81
20190418,6778.703585
20190419,2534.656
20190420,2796.161932
20190421,2474.84
20190422,2766.736
20190423,2675.104
20190424,2366.8
20190425,2411.616
20190426,2563.842
20190427,2502.1
20190428,6754.726
20190429,6633.612
20190430,6239.213
20190501,6617.897462
20190502,2570.099983
20190503,6698.28
20190504,2503.248
20190505,2362.8
20190506,6579.24
20190507,6043.244466
20190508,6941.3084
20190509,2907.036
20190510,6362.327
20190511,6417.31
20190512,6030.541
20190513,5402.136
20190514,5921.279
20190515,5652.624
20190516,6358.327
20190517,5599.493
20190518,6465.904
20190519,6309.196
20190520,6478.904
20190521,6032.152
20190522,5445.804
20190523,5486.231
20190524,6250.528
20190525,6083.746
20190526,6080.746
20190527,6031.476758
20190528,5500.842376
20190529,5744.182
20190530,5748.400995
20190531,5895.556
20190601,4992.2
20190602,5444.878
20190603,5875.148
20190604,5611.808
20190605,5714.144
20190606,6029.152
20190607,5654.754448
20190608,6321.645949
20190609,5579.4
20190610,6290.98341
20190611,5926.816
20190612,5440.878
20190613,5442.1
20190614,5859.37
20190615,6138.803
20190616,5149.426
20190617,5984.04
20190618,5669.643
20190619,5479.527
20190620,5278.838338
20190621,5630.059835
20190622,5398.136
20190623,5739.33
20190624,4995.2
20190625,6185.156
20190626,5799.444895
20190627,5948.762384
20190628,6138.803
20190629,4891.179
20190630,5755.812
20190701,5629.344665
20190702,5635.344665
20190703,6084.672
20190704,6196.934
20190705,5554.872113
20190706,6449.788442
20190707,7556.524
20190708,6365.0792
20190709,5840.2288
20190710,6208.9306
20190711,5291.579431
20190712,6297.98341
20190713,5438.878
20190714,4705.6
20190715,5499.472
20190716,5598.104
20190717,5675.643
20190718,4893.376703
20190719,5309.208
20190720,6127.488
20190721,5038.312
20190722,5822.48
20190723,5295.652
20190724,5450.878
20190725,6110.395
20190726,6646.612
20190727,6127.488
20190728,6024.541
20190729,5971.499176
20190730,6464.26714
20190731,5999.04
20190801,6690.502
20190802,5300.652
20190803,5815.48
20190804,6408.458
20190805,5808.48
20190806,6254.528
20190807,5863.148
20190808,5144.574
20190809,5243.132
20190810,5544.362
20190811,5542.362
20190812,5635.994
20190813,5577.085
20190814,5193.853
20190815,5683.679765
20190816,5489.231
20190817,5433.1
20190818,5603.808
20190819,5550.14
20190820,5244.91
20190821,5192.853
20190822,5967.484
20190823,5396.136
20190824,6346.16
20190825,6244.065
20190826,6022.443267
20190827,6462.589
20190828,5493.472
20190829,6291.492
20190830,5151.426
20190831,5916.816
20190901,6630.76
20190902,6244.065
20190903,5396.136
20190904,6075.269058
20190905,6137.488
20190906,5553.14
20190907,6421.31
20190908,6843.513236
20190909,5801.776
20190910,5429.1
20190911,6302.196
20190912,5746.182
20190913,5637.994
20190914,6134.099
20190915,5854.37
20190916,6471.441
20190917,5545.14
20190918,6299.196
20190919,5808.017
20190920,6636.76
20190921,6308.196
20190922,5870.148
20190923,5699.588
20190924,5585.4
20190925,5856.399896
20190926,6085.536178
20190927,6081.672
20190928,2644.696
20190929,6628.566508
20190930,5353.551047
20191001,5597.493
20191002,5971.558
20191003,6242.065
20191004,5853.37
20191005,6423.66027
20191006,5837.355468
20191007,6586.555
20191008,5905.01214
20191009,6871.84
20191010,6491.036264
20191011,6420.97867
20191012,5474.750226
20191013,5365.169027
20191014,5872.38384
20191015,5668.861066
20191016,2674.649648
20191017,2597.89571
20191018,2531.141772
20191019,2616.584
20191020,2810.552
20191021,6277.57919
20191022,6396.68
20191023,2610.584
20191024,3005.742
20191025,2887.496228
20191026,3159.746
20191027,2602.584
20191028,2981.350081
20191029,5674.173883
20191030,5906.871
20191031,7052.4
20191101,6759.8
20191102,2837.423
20191103,2789.144
20191104,2999.742
20191105,2648.4
20191106,3462.976
20191107,3508.94
20191108,2823.96
20191109,6869.84
20191110,6471.441
20191111,2738.328
20191112,2456.432
20191113,2757.736
20191114,2781.144
20191115,3190.08
20191116,2795.07
20191117,2456.1411
20191118,2460.432
20191119,2580.472
20191120,2740.328
20191121,3156.436963
20191122,2923.85763
20191123,2828.497
20191124,2811.404
20191125,3028.076
20191126,2801.7
20191127,2799.325416
20191128,3642.523486
20191129,3370.807
20191130,3137.412
20191201,3073.67
20191202,3126.023
20191203,3685.037
20191204,2784.022701
20191205,2581.078256
20191206,2800.552
20191207,2673.104
20191208,3004.742
20191209,2850.294
20191210,3100.078
20191211,2869.072
20191212,3049.873
20191213,3050.873
20191214,3438.39446
20191215,2839.028738
20191216,2587.746503
20191217,3200.907482
20191218,2882.64119
20191219,3674.720695
20191220,3491.088
20191221,3193.7971
20191222,3929.284
20191223,2885.406
20191224,2663.6331
20191225,2439.024
20191226,2767.736
20191227,2767.736
20191228,3134.264
20191229,3083.67
20191230,3239.6
20191231,3275.638
20200101,3987.59056
20200102,3598.373706
20200103,3539.24735
20200104,3072.15704
20200105,3823.4592
20200106,3560.7784
20200107,3409.33896
20200108,3531.79552
20200109,4071.436
20200110,4039.5684
20200111,4227.9288
20200112,3795.46515
20200113,3729.400187
20200114,4084.4825
20200115,3193.82443
20200116,3191.5912
20200117,3119.800118
20200118,3204.36064
20200119,3181.4466
20200120,3123.03848
20200121,3025.52352
20200122,3935.33912
20200123,3619.832
20200124,3624.739238
20200125,3476.76432
20200126,4277.44874
20200127,4401.67808
20200128,4237.223921
20200129,3907.08598
20200130,3404.53
20200131,3463.915365
20200201,2728.851276
20200202,7532.230968
20200203,6533.498641
20200204,3380.57141
20200205,3061.25168
20200206,3253.24032
20200207,2779.690735
20200208,2720.151558
20200209,3248.2816
20200210,3342.3009
20200211,3064.357238
20200212,3310.3386
20200213,3505.438706
20200214,3279.40307
20200215,4062.27331
20200216,4170.258383
20200217,3800.28012
20200218,3533.274
20200219,3610.7872
20200220,3366.807
20200221,3100.561324
20200222,6037.65409
20200223,4723.108138
20200224,2869.51531
20200225,3947.746578
20200226,3867.403679
20200227,3286.92374
20200228,2968.408
20200301,4037.6407
20200302,3742.483
20200303,4090.88783
20200304,3583.72876
20200305,6011.211895
20200306,3213.432666
20200307,2424.739746
20200308,3117.106258
20200309,2683.339951
20200310,2914.369673
20200311,2808.138899
20200312,3241.01741
20200313,2964.670066
20200314,3174.210328
20200315,2822.7207
20200316,2736.92868
20200317,2886.64694
20200318,3500.35395
20200319,3429.2048
20200320,3412.16
20200321,6675.161263
20200322,3440.854211
20200323,3050.017481
20200324,3757.08635
20200325,3003.0329
20200326,3876.123424
20200327,6224.597992
20200328,3688.097438
20200329,2821.51072
20200330,3456.7092
20200331,3571.28705
20200401,2950.7484
20200402,3375.64692
20200403,3702.19957
20200404,2701.243199
20200405,3510.337885
20200406,2751.694281
20200407,2731.63899
20200408,3217.38996
20200409,2857.26304
20200410,3042.269696
20200411,2665.56955
20200412,3146.5291
20200413,3332.80688
20200414,3249.546781
20200415,3152.15904
20200416,3597.424
20200417,2792.1681
20200418,7449.273944
20200419,2755.07504
20200420,2929.720029
20200421,2580.1536
20200422,3059.99696
20200423,2768.90816
20200424,2485.84
20200425,2666.25376
20200426,2946.3683
20200427,2860.294
20200428,8096.2712
20200429,7298.4732
20200430,7116.90282
20200501,7284.487208
20200502,2673.823982
20200503,6891.4184
20200504,2847.62272
20200505,2437.024
20200506,7828.5456
20200507,6577.616468
20200508,7772.145408
20200509,2965.73672
20200510,6799.65989
20200511,7317.3734
20200512,6928.82215
20200513,6407.84184
20200514,6803.32085
20200515,6387.47512
20200516,6546.32681
20200517,5869.26765
20200518,7241.77248
20200519,6433.77992
20200520,6668.37112
20200521,7045.85784
20200522,5665.79616
20200523,6031.9541
20200524,6251.528
20200525,6440.33076
20200526,6207.94092
20200527,7048.727808
20200528,6595.210851
20200529,5753.182
20200530,6661.505154
20200531,6061.64268
20200601,5397.136
20200602,5709.9719
20200603,6224.91688
20200604,6384.40112
20200605,6220.07696
20200606,6860.73328
20200607,6226.229893
20200608,6319.645949
20200609,6361.716
20200610,6851.461917
20200611,6572.68576
20200612,6364.59726
20200613,5707.755
20200614,6270.9859
20200615,6629.14724
20200616,6061.64268
20200617,7066.4672
20200618,6187.02087
20200619,5920.96916
20200620,5697.985405
20200621,5971.963425
20200622,6354.12048
20200623,6711.7861
20200624,5490.62
20200625,6368.02068
20200626,6559.642732
20200627,6002.990007
20200628,6195.97103
20200629,5381.7969
20200630,5931.03636
20200701,5853.678452
20200702,6364.429472
20200703,6874.81936
20200704,6754.31806
20200705,5949.243161
20200706,6773.277864
20200707,8989.51356
20200708,6947.316328
20200709,6770.305408
20200710,6939.882272
20200711,5815.737374
20200712,6669.302415
20200713,5610.53434
20200714,4753.416
20200715,5823.12032
20200716,6654.61376
20200717,6683.39874
20200718,4948.09047
20200719,5995.93504
20200720,7226.19584
20200721,5135.49824
20200722,6735.4368
20200723,5985.09676
20200724,6527.2536
20200725,6416.06475
20200726,7572.21768
20200727,6932.72144
20200728,6392.05346
20200729,6337.649126
20200730,7043.981183
20200731,6884.396
20200801,7017.6271
20200802,6140.27632
20200803,6980.176
20200804,6733.8309
20200805,6215.0236
20200806,6563.8544
20200807,6796.53168
20200808,6010.56158
20200809,5858.82784
20200810,6587.42078
20200811,6260.13906
20200812,6540.39304
20200813,5683.1267
20200814,5492.80418
20200815,5858.440158
20200816,6478.33258
20200817,6190.934
20200818,5603.808
20200819,6057.8526
20200820,6080.5756
20200821,6014.38948
20200822,6211.54336
20200823,5884.62824
20200824,7106.5792
20200825,7053.32345
20200826,7226.93192
20200827,6784.66845
20200828,5605.02144
20200829,7098.26596
20200830,6168.1112
20200831,5978.80416
20200901,7367.1636
20200902,6435.81695
20200903,6144.23504
20200904,7224.440179
20200905,7110.00608
20200906,5603.4414
20200907,6857.8417
20200908,6974.963501
20200909,6850.49568
20200910,6351.327
20200911,6936.1156
20200912,5978.22928
20200913,5701.14394
20200914,6134.099
20200915,7021.844
20200916,6860.28746
20200917,5778.3456
20200918,6859.32364
20200919,6632.89938
20200920,6838.1428
20200921,7370.65932
20200922,6285.37836
20200923,6716.29384
20200924,6357.716
20200925,7014.879876
20200926,7164.71269
20200927,6388.8056
20200928,3092.38432
20200929,6765.637839
20200930,5986.497173
20201001,5661.24793
20201002,6096.52916
20201003,7119.5741
20201004,6041.4911
20201005,6872.426489
20201006,6478.15457
20201007,7834.25045
20201008,6142.132626
20201009,7414.5872
20201010,6877.298439
20201011,7115.096324
20201012,6236.135257
20201013,6175.244382
20201014,6927.712931
20201015,6804.233279
20201016,2670.649648
20201017,2784.55841
20201018,2782.255949
20201019,2925.97408
20201020,3118.96272
20201021,6599.40815
20201022,7040.548
20201023,2693.18152
20201024,3442.1033
20201025,3182.645851
20201026,3536.79552
20201027,2823.51072
20201028,3003.913582
20201029,6575.201705
20201030,6783.40165
20201031,8239.208
20201101,7563.376
20201102,3088.36107
20201103,3065.3584
20201104,3510.61814
20201105,2683.734
20201106,3941.71264
20201107,4030.231
20201108,3193.1248
20201109,8171.7396
20201110,6601.38982
20201111,3035.01408
20201112,2703.8752
20201113,3282.09584
20201114,3038.73696
20201115,3530.6888
20201116,3013.2756
20201117,2666.673799
20201118,2867.28544
20201119,2701.0456
20201120,2948.55424
20201121,3628.202508
20201122,2983.014783
20201123,2850.57197
20201124,3346.77076
20201125,3388.32512
20201126,2961.482
20201127,3128.124467
20201128,3744.07919
20201129,3879.12805
20201130,3379.00496
20201201,3231.5535
20201202,3256.14392
20201203,4005.08033
20201204,2913.773837
20201205,2733.442951
20201206,2980.68512
20201207,3033.41856
20201208,3358.83104
20201209,2888.64694
20201210,3312.75346
20201211,3232.80136
20201212,3501.35395
20201213,3505.35395
20201214,3751.689962
20201215,3008.050462
20201216,2866.538618
20180101,2679.4
20180102,2466.7779
20180103,2562.7
20180104,2203.6
20180105,24
20180106,2320.3
20180107,2321.3
20180108,2559.7
20180109,2558.7
20180110,2562.7
20180111,2679.4
20180112,2559.7
20180113,2629.83872
20180114,3039.5
20180115,2083.9
20180116,2083.9
20180117,2076.3165
20180118,2204.6
20180119,2204.6
20180120,2200.6
20180121,2320.3
20180122,2560.7
20180123,24
20180124,2338.42258
20180125,2681.4
20180126,2680.4
20180127,2799.1
20180128,2613.79243
20180129,2561.7
20180130,2559.7
20180131,2582.82705
20180201,2055.03932
20180202,4736.8036
20180203,4575.5677
20180204,2076.3165
20180205,2082.9
20180206,2079.9
20180207,2073.3165
20180208,2078.3165
20180209,2202.6
20180210,2321.3
20180211,2189.10332
20180212,24
20180213,2187.10332
20180214,2561.7
20180215,2800.1
20180216,2783.00684
20180217,2680.4
20180218,2680.4
20180219,24
20180220,2563.7
20180221,2309.64872
20180222,4639.55283
20180223,3347.87114
20180224,2117.04392
20180225,2542.82778
20180226,2373.8558
20180227,2322.3
20180228,2201.6
20180301,2562.7
20180302,2563.7
20180303,2563.7
20180304,2763.91368
20180305,4323.881
20180306,1919.2626
20180307,1887.53215
20180308,2031.44198
20180309,2066.46966
20180310,2002.5813
20180311,1886.53215
20180312,2079.9
20180313,2058.03932
20180314,2195.71725
20180315,2201.6
20180316,2200.6
20180317,2322.3
20180318,2323.3
20180319,24
20180320,24
20180321,4587.6649
20180322,2003.85459
20180323,2145.71207
20180324,2323.3
20180325,2084.9
20180326,2312.118
20180327,4483.83712
20180328,2550.9195
20180329,2203.6
20180330,2320.3
20180331,2324.3
20180401,2147.71207
20180402,2321.3
20180403,2187.55919
20180404,1972.98396
20180405,2031.44198
20180406,2056.03932
20180407,2076.3165
20180408,2081.9
20180409,2080.9
20180410,2064.88616
20180411,2080.9
20180412,2200.6
20180413,2082.9
20180414,2073.3165
20180415,2204.6
20180416,2083.9
20180417,2082.9
20180418,4729.23207
20180419,1963.2
20180420,2003.5813
20180421,1964.2
20180422,1961.2
20180423,1963.2
20180424,1964.2
20180425,1963.2
20180426,2082.9
20180427,2084.9
20180428,4716.3
20180429,4713.3
20180430,4715.3
20180501,4824.7906
20180502,1955.91575
20180503,48
20180504,1963.2
20180505,1962.2
20180506,48
20180507,4645.5922
20180508,4762.983
20180509,2083.9
20180510,4717.3
20180511,4597.6
20180512,4476.9
20180513,4356.2
20180514,4476.9
20180515,4473.9
20180516,4474.9
20180517,4477.9
20180518,4594.6
20180519,4478.9
20180520,4597.6
20180521,4355.2
20180522,4358.2
20180523,4476.9
20180524,4595.6
20180525,4598.6
20180526,4596.6
20180527,4554.86162
20180528,4349.7711
20180529,4595.6
20180530,4589.2135
20180531,4117.8
20180601,4114.8
20180602,4117.8
20180603,4477.9
20180604,4358.2
20180605,4359.2
20180606,4358.2
20180607,4317.75337
20180608,4456.14402
20180609,4593.6
20180610,4472.81275
20180611,4357.2
20180612,4115.8
20180613,4477.9
20180614,4598.6
20180615,4478.9
20180616,4116.8
20180617,4119.8
20180618,4000.1
20180619,4000.1
20180620,3987.16389
20180621,4114.6105
20180622,4355.2
20180623,4115.8
20180624,4119.8
20180625,4354.2
20180626,4465.52201
20180627,4299.7864
20180628,4477.9
20180629,3998.1
20180630,4354.2
20180701,4592.2135
20180702,4588.2135
20180703,4478.9
20180704,4598.6
20180705,4528.8847
20180706,4785.4018
20180707,5183.13
20180708,4522.78
20180709,4263.44
20180710,4524.78
20180711,4108.25342
20180712,4469.81275
20180713,4115.8
20180714,3877.4
20180715,3876.4
20180716,4116.8
20180717,3995.1
20180718,3996.20975
20180719,3879.4
20180720,4355.2
20180721,3876.4
20180722,3999.1
20180723,4118.8
20180724,4119.8
20180725,4236.5
20180726,4717.3
20180727,4358.2
20180728,4477.9
20180729,4437.59153
20180730,4589.2135
20180731,4119.8
20180801,4589.615
20180802,4119.8
20180803,4354.2
20180804,4474.9
20180805,4357.2
20180806,4593.6
20180807,4474.9
20180808,3999.1
20180809,3998.1
20180810,4119.8
20180811,4477.9
20180812,4595.6
20180813,3997.1
20180814,3997.1
20180815,4110.25342
20180816,4475.9
20180817,4473.9
20180818,4357.2
20180819,4357.2
20180820,4236.5
20180821,4000.1
20180822,4354.2
20180823,4116.8
20180824,4359.2
20180825,4477.9
20180826,4208.47376
20180827,4475.9
20180828,4354.2
20180829,4354.2
20180830,4114.8
20180831,4356.2
20180901,48
20180902,4473.9
20180903,4354.2
20180904,4204.47376
20180905,4358.2
20180906,4359.2
20180907,4596.6
20180908,4738.8036
20180909,4596.6
20180910,4473.9
20180911,4477.9
20180912,4596.6
20180913,4598.6
20180914,4714.3
20180915,4597.6
20180916,4714.3
20180917,4359.2
20180918,4477.9
20180919,4478.9
20180920,48
20180921,4474.9
20180922,4474.9
20180923,4595.6
20180924,4593.6
20180925,4230.93294
20180926,4552.86162
20180927,4473.9
20180928,1965.2
20180929,4789.4018
20180930,4361.31768
20181001,4474.9
20181002,4595.6
20181003,4475.9
20181004,4598.6
20181005,4759.983
20181006,4581.22504
20181007,4715.3
20181008,4761.983
20181009,48
20181010,4814.8056
20181011,4802.3643
20181012,4464.1694
20181013,4254.68892
20181014,4250.864
20181015,4578.5677
20181016,1949.38013
20181017,1950.38013
20181018,1951.38013
20181019,2084.9
20181020,1962.2
20181021,4788.83272
20181022,48
20181023,2083.9
20181024,2199.6
20181025,2055.03932
20181026,2199.6
20181027,2080.9
20181028,2185.55919
20181029,4579.22504
20181030,4715.3
20181031,48
20181101,48
20181102,2079.9
20181103,1965.2
20181104,2200.6
20181105,2203.6
20181106,2558.7
20181107,24
20181108,1960.2
20181109,4717.3
20181110,4716.3
20181111,1963.2
20181112,1964.2
20181113,1965.2
20181114,1961.2
20181115,2201.6
20181116,2201.6
20181117,2031.6609
20181118,1965.2
20181119,1961.2
20181120,1963.2
20181121,2302.46672
20181122,2405.60024
20181123,2319.3
20181124,2203.6
20181125,2324.3
20181126,2319.3
20181127,2054.03932
20181128,2811.92535
20181129,2562.7
20181130,2200.6
20181201,2323.3
20181202,2562.7
20181203,2561.7
20181204,2174.51838
20181205,2115.63045
20181206,2083.9
20181207,1960.2
20181208,2199.6
20181209,2321.3
20181210,2199.6
20181211,2200.6
20181212,2323.3
20181213,2321.3
20181214,2496.52234
20181215,2305.64872
20181216,2007.85459
20181217,2291.99744
20181218,2291.99744
20181219,2554.9195
20181220,2679.4
20181221,2615.79243
20181222,2800.1
20181223,2204.6
20181224,2068.46966
20181225,1963.2
20181226,1961.2
20181227,2203.6
20181228,2320.3
20181229,2323.3
20181230,2679.4
20181231,2563.7
20190101,3101.744
20190102,2613.904574
20190103,2685.385
20190104,2355.422
20190105,2728.28
20190106,2775.16
20190107,2710.931
20190108,2864.344
20190109,2814.07
20190110,2784.933
20190111,3209.08
20190112,2935.755
20190113,2941.779366
20190114,3338.75
20190115,2226.343
20190116,2205.994
20190117,2195.01549
20190118,2459.152
20190119,2417.06
20190120,2393.514
20190121,2412.272
20190122,3016.166
20190123,2727.28
20190124,2546.740612
20190125,2762.402
20190126,3178.746
20190127,3130.472
20190128,2946.605446
20190129,3011.166
20190130,2812.07
20190131,2860.658026
20190201,2118.2805
20190202,5444.42414
20190203,5120.115824
20190204,2397.84714
20190205,2264.041
20190206,2324.088
20190207,2217.298655
20190208,2093.599665
20190209,2633.52
20190210,2436.015
20190211,2487.997785
20190212,2704.34
20190213,2594.102951
20190214,2634.111
20190215,2828.631
20190216,3001.887387
20190217,3050.076
20190218,2918.406
20190219,2539.76
20190220,2784.933
20190221,2511.017105
20190222,4644.55283
20190223,3547.923408
20190224,2219.546116
20190225,2867.545391
20190226,2836.62696
20190227,2637.702
20190228,2201.6
20190301,2815.07
20190302,2814.07
20190303,2987.029
20190304,2792.102817
20190305,4669.03148
20190306,2278.372494
20190307,1997.844079
20190308,2308.843857
20190309,2069.46966
20190310,2218.585243
20190311,2069.385365
20190312,2266.041
20190313,2235.762859
20190314,2321.580285
20190315,2311.33
20190316,2246.692
20190317,2368.786
20190318,2527.987
20190319,2730.28
20190320,2823.04
20190321,5040.53139
20190322,2398.625508
20190323,2483.506001
20190324,2710.931
20190325,2264.041
20190326,2770.5416
20190327,4879.972461
20190328,2930.807425
20190329,2286.784
20190330,2387.529
20190331,2661.445
20190401,2249.647674
20190402,2367.786
20190403,2618.671028
20190404,2148.502516
20190405,2423.730376
20190406,2074.119713
20190407,2115.88283
20190408,2304.739
20190409,2125.598
20190410,2463.863392
20190411,2184.645
20190412,2309.33
20190413,2470.531
20190414,2298.431315
20190415,2503.244
20190416,2489.88
20190417,2285.39
20190418,5574.393843
20190419,2098.264
20190420,2312.314308
20190421,2060.96
20190422,2287.784
20190423,2212.176
20190424,1964.2
20190425,2000.504
20190426,2123.598
20190427,2083.9
20190428,5553.594
20190429,5465.228
20190430,5135.447
20190501,5441.643378
20190502,2127.718168
20190503,5505.32
20190504,2079.112
20190505,1960.2
20190506,5412.56
20190507,4971.563654
20190508,5702.9796
20190509,2405.484
20190510,5226.813
20190511,5278.89
20190512,4962.079
20190513,4445.384
20190514,4875.501
20190515,4656.056
20190516,5228.813
20190517,4610.767
20190518,5322.376
20190519,5182.524
20190520,5322.376
20190521,4960.488
20190522,4486.476
20190523,4518.189
20190524,5139.432
20190525,5004.974
20190526,5005.974
20190527,4956.299166
20190528,4524.961944
20190529,4735.058
20190530,4727.509905
20190531,4851.364
20190601,4119.8
20190602,4482.082
20190603,4832.212
20190604,4617.752
20190605,4701.936
20190606,4959.488
20190607,4655.25364
20190608,5202.528503
20190609,4598.6
20190610,5181.62279
20190611,4874.304
20190612,4485.082
20190613,4478.9
20190614,4824.03
20190615,5054.657
20190616,4237.894
20190617,4932.76
20190618,4666.617
20190619,4510.613
20190620,4345.95864
20190621,4639.139865
20190622,4445.384
20190623,4725.27
20190624,4119.8
20190625,5086.764
20190626,4772.818551
20190627,4890.896496
20190628,5049.657
20190629,4036.601
20190630,4743.028
20190701,4638.645635
20190702,4638.645635
20190703,5008.368
20190704,5096.946
20190705,4575.713547
20190706,5307.735998
20190707,6210.156
20190708,5242.0648
20190709,4808.1872
20190710,5104.7614
20190711,4353.928625
20190712,5178.62279
20190713,4484.082
20190714,3880.4
20190715,4530.568
20190716,4608.176
20190717,4666.617
20190718,4033.671848
20190719,4374.352
20190720,5045.672
20190721,4144.528
20190722,4790.12
20190723,4360.988
20190724,4484.082
20190725,5035.505
20190726,5462.228
20190727,5047.672
20190728,4963.079
20190729,4916.226598
20190730,5315.12766
20190731,4931.76
20190801,5500.138
20190802,4361.988
20190803,4786.12
20190804,5273.102
20190805,4790.12
20190806,5139.432
20190807,4831.212
20190808,4237.106
20190809,4312.108
20190810,4566.478
20190811,4565.478
20190812,4642.086
20190813,4589.615
20190814,4273.607
20190815,4677.828899
20190816,4518.189
20190817,4475.9
20190818,4615.752
20190819,4572.66
20190820,4322.29
20190821,4274.607
20190822,4914.396
20190823,4445.384
20190824,5216.04
20190825,5143.235
20190826,4954.999037
20190827,5318.391
20190828,4531.568
20190829,5172.948
20190830,4238.894
20190831,4872.304
20190901,5459.44
20190902,5143.235
20190903,4442.384
20190904,4996.583774
20190905,5046.672
20190906,4574.66
20190907,5275.89
20190908,5627.056284
20190909,4775.544
20190910,4474.9
20190911,5185.524
20190912,4735.058
20190913,4643.086
20190914,5042.081
20190915,4824.03
20190916,5322.179
20190917,4570.66
20190918,5183.524
20190919,4784.923
20190920,5459.44
20190921,5184.524
20190922,4831.212
20190923,4688.572
20190924,4596.6
20190925,4816.963552
20190926,5002.347782
20190927,5007.368
20190928,2190.024
20190929,5452.918052
20190930,4402.450857
20191001,4607.767
20191002,4912.002
20191003,5142.235
20191004,4825.03
20191005,5283.63113
20191006,4807.836292
20191007,5417.545
20191008,4855.28266
20191009,5650.96
20191010,5343.484216
20191011,5279.80073
20191012,4509.341094
20191013,4420.956477
20191014,4840.40496
20191015,4666.159054
20191016,2218.713348
20191017,2158.641944
20191018,2104.57054
20191019,2165.296
20191020,2329.088
20191021,5165.019338
20191022,5263.92
20191023,2163.296
20191024,2484.698
20191025,2399.406004
20191026,2611.974
20191027,2163.296
20191028,2463.831885
20191029,4672.869541
20191030,4855.349
20191031,5795.6
20191101,5553.2
20191102,2347.437
20191103,2304.936
20191104,2479.698
20191105,2199.6
20191106,2862.344
20191107,2893.86
20191108,2345.24
20191109,5649.96
20191110,5325.179
20191111,2266.632
20191112,2039.808
20191113,2286.784
20191114,2306.936
20191115,2633.52
20191116,2311.33
20191117,2034.6609
20191118,2039.808
20191119,2133.568
20191120,2269.632
20191121,2613.812061
20191122,2425.156242
20191123,2344.043
20191124,2330.876
20191125,2501.244
20191126,2324.3
20191127,2319.084432
20191128,3007.610125
20191129,2786.933
20191130,2587.428
20191201,2550.73
20191202,2586.837
20191203,3037.303
20191204,2302.109483
20191205,2141.336755
20191206,2325.088
20191207,2212.176
20191208,2481.698
20191209,2369.786
20191210,2569.882
20191211,2375.968
20191212,2527.987
20191213,2523.987
20191214,2843.595468
20191215,2354.841694
20191216,2141.974411
20191217,2649.19703
20191218,2382.797338
20191219,3030.044205
20191220,2893.072
20191221,2643.470354
20191222,3241.596
20191223,2394.514
20191224,2210.972536
20191225,2019.656
20191226,2285.784
20191227,2289.784
20191228,2597.216
20191229,2548.73
20191230,2678.4
20191231,2709.522
20200101,3283.02864
20200102,2967.851214
20200103,2921.92965
20200104,2537.85576
20200105,3159.2848
20200106,2937.9096
20200107,2814.36824
20200108,2919.65088
20200109,3364.084
20200110,3332.9196
20200111,3492.4872
20200112,3143.10785
20200113,3085.418335
20200114,3369.6675
20200115,2640.03817
20200116,2636.3928
20200117,2587.018278
20200118,2653.20416
20200119,2630.3654
20200120,2582.39512
20200121,2508.88288
20200122,3249.45928
20200123,2995.408
20200124,2997.513922
20200125,2867.89808
20200126,3525.45806
20200127,3622.82752
20200128,3501.910481
20200129,3218.79762
20200130,2814.07
20200131,2858.658026
20200201,2260.060135
20200202,6195.64352
20200203,5372.771615
20200204,2798.831154
20200205,2534.20592
20200206,2689.74208
20200207,2302.110601
20200208,2258.487638
20200209,2683.2304
20200210,2771.3371
20200211,2535.83774
20200212,2729.9134
20200213,2901.995305
20200214,2716.78433
20200215,3358.95089
20200216,3443.120495
20200217,3139.13828
20200218,2918.406
20200219,2983.9168
20200220,2787.933
20200221,2561.277447
20200222,4964.171528
20200223,3897.81575
20200224,2371.694344
20200225,3265.701746
20200226,3201.148465
20200227,2718.48306
20200228,2458.152
20200301,3340.4333
20200302,3086.577
20200303,3368.36277
20200304,2958.868986
20200305,4943.173369
20200306,2654.535818
20200307,2016.33252
20200308,2578.90512
20200309,2229.187233
20200310,2410.847915
20200311,2330.295463
20200312,2686.46879
20200313,2453.639145
20200314,2622.535723
20200315,2330.9533
20200316,2268.66892
20200317,2387.98386
20200318,2900.83505
20200319,2835.5312
20200320,2825.04
20200321,5491.859215
20200322,2845.244355
20200323,2528.196121
20200324,3108.07065
20200325,2488.8451
20200326,3200.828256
20200327,5124.671084
20200328,3045.079722
20200329,2330.59968
20200330,2856.0348
20200331,2951.14395
20200401,2448.975964
20200402,2785.34748
20200403,3051.345102
20200404,2232.562617
20200405,2898.276451
20200406,2275.931685
20200407,2259.704628
20200408,2669.13724
20200409,2373.66976
20200410,2514.22066
20200411,2207.01145
20200412,2603.4329
20200413,2758.11472
20200414,2679.174639
20200415,2604.49376
20200416,2975.256
20200417,2308.7739
20200418,6127.133227
20200419,2282.69776
20200420,2428.680023
20200421,2138.3984
20200422,2535.27024
20200423,2300.74304
20200424,2060.96
20200425,2218.38944
20200426,2431.9377
20200427,2365.786
20200428,6657.3128
20200429,6003.7508
20200430,5845.82958
20200501,5986.307716
20200502,2212.946894
20200503,5672.0696
20200504,2363.32768
20200505,2017.656
20200506,6427.4464
20200507,5414.504383
20200508,6384.937152
20200509,2452.69368
20200510,5590.53991
20200511,6012.2146
20200512,5698.49085
20200513,5277.50696
20200514,5600.62615
20200515,5252.84328
20200516,5382.26739
20200517,4838.85535
20200518,5958.54112
20200519,5285.27448
20200520,5484.66728
20200521,5796.61096
20200522,4661.01504
20200523,4966.5079
20200524,5139.432
20200525,5303.45244
20200526,5107.13348
20200527,5792.050024
20200528,5419.354333
20200529,4731.058
20200530,5478.23149
20200531,4996.43492
20200601,4441.384
20200602,4707.8861
20200603,5117.20472
20200604,5254.23728
20200605,5120.79024
20200606,5647.23632
20200607,5118.279003
20200608,5207.528503
20200609,5231.404
20200610,5639.468841
20200611,5403.19744
20200612,5238.21594
20200613,4695.345
20200614,5158.3521
20200615,5453.02956
20200616,4995.43492
20200617,5809.8368
20200618,5084.56253
20200619,4868.70204
20200620,4685.715331
20200621,4918.788257
20200622,5232.55312
20200623,5521.9159
20200624,4525.78
20200625,5242.01692
20200626,5390.434962
20200627,4940.355461
20200628,5100.70357
20200629,4438.5611
20200630,4887.93884
20200701,4821.19146
20200702,5230.169568
20200703,5651.21584
20200704,5548.35114
20200705,4892.653495
20200706,5573.772798
20200707,7379.96564
20200708,5705.440632
20200709,5572.977152
20200710,5713.812768
20200711,4785.421488
20200712,5486.520157
20200713,4619.16446
20200714,3918.704
20200715,4795.46208
20200716,5474.22944
20200717,5501.50806
20200718,4074.528566
20200719,4936.03776
20200720,5946.43296
20200721,4226.49856
20200722,5548.5392
20200723,4922.80644
20200724,5369.2984
20200725,5282.78025
20200726,6218.35992
20200727,5696.49936
20200728,5256.04374
20200729,5210.440194
20200730,5793.439149
20200731,5664.324
20200801,5771.6949
20200802,5050.22608
20200803,5733.144
20200804,5536.4071
20200805,5118.9284
20200806,5396.1536
20200807,5595.52592
20200808,4946.91402
20200809,4826.04096
20200810,5424.79882
20200811,5152.75014
20200812,5376.13976
20200813,4681.4673
20200814,4530.20342
20200815,4816.723766
20200816,5328.36302
20200817,5098.946
20200818,4612.752
20200819,4980.8794
20200820,5006.0164
20200821,4947.86412
20200822,5114.17184
20200823,4836.96856
20200824,5841.5648
20200825,5802.35555
20200826,5933.398844
20200827,5579.91055
20200828,4618.19936
20200829,5843.58124
20200830,5080.2728
20200831,4924.56704
20200901,6051.5884
20200902,5296.03205
20200903,5058.73776
20200904,5938.814692
20200905,5847.45952
20200906,4619.9066
20200907,5644.0523
20200908,5742.69741
20200909,5632.04192
20200910,5228.813
20200911,5696.2764
20200912,4917.46032
20200913,4689.02686
20200914,5044.081
20200915,5779.236
20200916,5637.68974
20200917,4751.6464
20200918,5645.90116
20200919,5451.37222
20200920,5620.7532
20200921,6056.90308
20200922,5163.03684
20200923,5524.69496
20200924,5233.404
20200925,5776.356262
20200926,5892.310382
20200927,5257.3864
20200928,2559.67808
20200929,5560.976413
20200930,4924.224959
20201001,4654.38467
20201002,5012.34204
20201003,5854.2879
20201004,4965.3109
20201005,5645.985309
20201006,5329.308284
20201007,6438.56855
20201008,5048.653966
20201009,6097.1168
20201010,5660.153269
20201011,5850.07881
20201012,5134.928847
20201013,5080.199949
20201014,5704.037853
20201015,5589.190865
20201016,2215.713348
20201017,2304.456881
20201018,2309.027595
20201019,2416.25152
20201020,2575.78768
20201021,5419.970304
20201022,5789.812
20201023,2224.78488
20201024,2848.9027
20201025,2631.346605
20201026,2916.65088
20201027,2333.59968
20201028,2488.020204
20201029,5408.528667
20201030,5578.60135
20201031,6769.352
20201101,6212.944
20201102,2553.38633
20201103,2531.9296
20201104,2895.59666
20201105,2221.146
20201106,3256.49216
20201107,3321.189
20201108,2647.0112
20201109,6715.3324
20201110,5425.68258
20201111,2513.01152
20201112,2236.9888
20201113,2715.53296
20201114,2510.33024
20201115,2917.9272
20201116,2489.3164
20201117,2212.460381
20201118,2380.41536
20201119,2239.9464
20201120,2449.36256
20201121,2998.98387
20201122,2473.739368
20201123,2366.01343
20201124,2763.81244
20201125,2796.99328
20201126,2456.758
20201127,2590.374564
20201128,3096.428428
20201129,3200.92295
20201130,2793.82224
20201201,2676.8165
20201202,2686.39048
20201203,3305.52027
20201204,2413.814957
20201205,2266.81696
20201206,2465.83328
20201207,2512.16064
20201208,2774.86176
20201209,2391.98386
20201210,2747.34374
20201211,2675.47384
20201212,2899.83505
20201213,2896.83505
20201214,3094.01906
20201215,2492.132196
20201216,2374.531596
